818,hjkghj,ghj,ghjs,dfhe,sdfgbnv,4tes4ts,TRUE
42583,hjkghj,ghj,ghjs,dfhe,sdfgbnv,4tes4ts,TRUE
42584,hjkghj,ghj,ghjs,dfhe,sdfgbnv,4tes4ts,TRUE
42585,hjkghj,ghj,ghjs,dfhe,sdfgbnv,4tes4ts,TRUE
42587,hjkghj,ghj,ghjs,dfhe,sdfgbnv,4tes4ts,TRUE
42588,hjkghj,ghj,ghjs,dfhe,sdfgbnv,4tes4ts,TRUE
42589,hjkghj,ghj,ghjs,dfhe,sdfgbnv,4tes4ts,TRUE
42592,hjkghj,ghj,ghjs,dfhe,sdfgbnv,4tes4ts,TRUE
42593,hjkghj,ghj,ghjs,dfhe,sdfgbnv,4tes4ts,TRUE
42595,hjkghj,ghj,ghjs,dfhe,sdfgbnv,4tes4ts,TRUE
42596,hjkghj,ghj,ghjs,dfhe,sdfgbnv,4tes4ts,TRUE
42597,hjkghj,ghj,ghjs,dfhe,sdfgbnv,4tes4ts,TRUE
42598,hjkghj,ghj,ghjs,dfhe,sdfgbnv,4tes4ts,TRUE
42599,hjkghj,ghj,ghjs,dfhe,sdfgbnv,4tes4ts,TRUE
42601,hjkghj,ghj,ghjs,dfhe,sdfgbnv,4tes4ts,TRUE
42602,hjkghj,ghj,ghjs,dfhe,sdfgbnv,4tes4ts,TRUE
42605,hjkghj,ghj,ghjs,dfhe,sdfgbnv,4tes4ts,TRUE
42606,hjkghj,ghj,ghjs,dfhe,sdfgbnv,4tes4ts,TRUE
42607,hjkghj,ghj,ghjs,dfhe,sdfgbnv,4tes4ts,TRUE
42608,hjkghj,ghj,ghjs,dfhe,sdfgbnv,4tes4ts,TRUE
42609,hjkghj,ghj,ghjs,dfhe,sdfgbnv,4tes4ts,TRUE
42610,hjkghj,ghj,ghjs,dfhe,sdfgbnv,4tes4ts,TRUE
42611,hjkghj,ghj,ghjs,dfhe,sdfgbnv,4tes4ts,TRUE
42612,hjkghj,ghj,ghjs,dfhe,sdfgbnv,4tes4ts,TRUE
42613,hjkghj,ghj,ghjs,dfhe,sdfgbnv,4tes4ts,TRUE
42675,hjkghj,ghj,ghjs,dfhe,sdfgbnv,4tes4ts,TRUE
42676,hjkghj,ghj,ghjs,dfhe,sdfgbnv,4tes4ts,TRUE
42678,hjkghj,ghj,ghjs,dfhe,sdfgbnv,4tes4ts,TRUE
42679,hjkghj,ghj,ghjs,dfhe,sdfgbnv,4tes4ts,TRUE
42681,hjkghj,ghj,ghjs,dfhe,sdfgbnv,4tes4ts,TRUE
42682,hjkghj,ghj,ghjs,dfhe,sdfgbnv,4tes4ts,TRUE
42683,hjkghj,ghj,ghjs,dfhe,sdfgbnv,4tes4ts,TRUE
42685,hjkghj,ghj,ghjs,dfhe,sdfgbnv,4tes4ts,TRUE
42687,hjkghj,ghj,ghjs,dfhe,sdfgbnv,4tes4ts,TRUE
42688,hjkghj,ghj,ghjs,dfhe,sdfgbnv,4tes4ts,TRUE
42690,hjkghj,ghj,ghjs,dfhe,sdfgbnv,4tes4ts,TRUE
42691,hjkghj,ghj,ghjs,dfhe,sdfgbnv,4tes4ts,TRUE
42694,hjkghj,ghj,ghjs,dfhe,sdfgbnv,4tes4ts,TRUE
42695,hjkghj,ghj,ghjs,dfhe,sdfgbnv,4tes4ts,TRUE
42696,hjkghj,ghj,ghjs,dfhe,sdfgbnv,4tes4ts,TRUE
42697,hjkghj,ghj,ghjs,dfhe,sdfgbnv,4tes4ts,TRUE
42698,hjkghj,ghj,ghjs,dfhe,sdfgbnv,4tes4ts,TRUE
42699,hjkghj,ghj,ghjs,dfhe,sdfgbnv,4tes4ts,TRUE
42700,hjkghj,ghj,ghjs,dfhe,sdfgbnv,4tes4ts,TRUE
42702,hjkghj,ghj,ghjs,dfhe,sdfgbnv,4tes4ts,TRUE
42704,hjkghj,ghj,ghjs,dfhe,sdfgbnv,4tes4ts,TRUE
08-32,hjkghj,ghj,ghjs,dfhe,sdfgbnv,4tes4ts,TRUE
08-33,hjkghj,ghj,ghjs,dfhe,sdfgbnv,4tes4ts,TRUE
08-34,hjkghj,ghj,ghjs,dfhe,sdfgbnv,4tes4ts,TRUE
11-31,hjkghj,ghj,ghjs,dfhe,sdfgbnv,4tes4ts,TRUE
11-32,hjkghj,ghj,ghjs,dfhe,sdfgbnv,4tes4ts,TRUE
